,Iteration,Time,Fitness,Restarts,max_iters,current_restart
0,0,0.00015659999999995122,5.0,2,512,0
1,1,0.0007212999999999248,3.0,2,512,0
2,2,0.012535399999999974,3.0,2,512,0
3,3,0.02221549999999972,3.0,2,512,0
4,4,0.022383800000000065,3.0,2,512,0
5,5,0.03198679999999987,3.0,2,512,0
6,6,0.03215429999999975,3.0,2,512,0
7,7,0.032356300000000005,3.0,2,512,1
8,8,0.041865299999999994,3.0,2,512,1
9,9,0.04239689999999996,3.0,2,512,1
10,10,0.05195729999999976,3.0,2,512,1
11,11,0.06159960000000009,3.0,2,512,1
12,12,0.06176769999999987,8.0,2,512,2
13,13,0.07155239999999985,7.0,2,512,2
14,14,0.0811923000000001,7.0,2,512,2
15,15,0.0817129999999997,6.0,2,512,2
16,16,0.09165739999999989,6.0,2,512,2
17,17,0.10165929999999967,6.0,2,512,2
18,18,0.10191269999999975,6.0,2,512,2
19,19,0.11183089999999973,4.0,2,512,2
20,20,0.1119971999999998,4.0,2,512,2
21,21,0.11215829999999993,4.0,2,512,2
22,22,0.11240689999999987,4.0,2,512,2
23,23,0.12248979999999987,3.0,2,512,2
24,24,0.12265579999999998,3.0,2,512,2
25,25,0.12281359999999975,3.0,2,512,2
26,26,0.12305689999999991,3.0,2,512,2
27,27,0.12322549999999977,3.0,2,512,2
28,28,0.12338389999999988,3.0,2,512,2
29,29,0.12354200000000004,5.0,4,512,0
30,30,0.12369720000000006,3.0,4,512,0
31,31,0.13370579999999999,3.0,4,512,0
32,32,0.0001685999999998522,3.0,4,512,0
33,33,0.0006936999999997973,3.0,4,512,0
34,34,0.011037699999999706,3.0,4,512,0
35,35,0.021008999999999833,3.0,4,512,0
36,36,0.021174899999999663,3.0,4,512,1
37,37,0.03151629999999983,3.0,4,512,1
38,38,0.03169449999999996,3.0,4,512,1
39,39,0.031854099999999885,3.0,4,512,1
40,40,0.04220039999999958,3.0,4,512,1
41,41,0.042722399999999716,8.0,4,512,2
42,42,0.052859599999999674,7.0,4,512,2
43,43,0.06303449999999966,7.0,4,512,2
44,44,0.0632123,6.0,4,512,2
45,45,0.0739673999999999,6.0,4,512,2
46,46,0.08459169999999983,6.0,4,512,2
47,47,0.08512459999999988,6.0,4,512,2
48,48,0.09618139999999986,4.0,4,512,2
49,49,0.10769509999999993,4.0,4,512,2
50,50,0.10794419999999993,4.0,4,512,2
51,51,0.11879559999999989,4.0,4,512,2
52,52,0.11895719999999965,3.0,4,512,2
53,53,0.11910339999999975,3.0,4,512,2
54,54,0.11932299999999962,3.0,4,512,2
55,55,0.13035799999999975,3.0,4,512,2
56,56,0.13053729999999986,3.0,4,512,2
57,57,0.13069679999999995,3.0,4,512,2
58,58,0.1309319999999996,12.0,4,512,3
59,59,0.13108649999999988,12.0,4,512,3
60,60,0.13124199999999986,12.0,4,512,3
61,61,0.13139579999999995,12.0,4,512,3
62,62,0.1315561999999999,12.0,4,512,3
63,63,0.14333529999999994,12.0,4,512,3
64,64,0.15466159999999984,4.0,4,512,4
65,65,0.15528969999999997,3.0,4,512,4
66,66,0.1665500999999998,3.0,4,512,4
67,67,0.17789369999999982,3.0,4,512,4
68,68,0.17806859999999958,3.0,4,512,4
69,69,0.18865699999999963,3.0,4,512,4
70,70,0.1888291999999998,2.0,4,512,4
71,71,0.19969320000000002,2.0,4,512,4
72,72,0.2003683999999999,2.0,4,512,4
73,73,0.21088019999999963,2.0,4,512,4
74,74,0.22280859999999958,2.0,4,512,4
75,75,0.22297379999999967,2.0,4,512,4
76,76,0.23372789999999988,5.0,8,512,0
77,77,0.23389919999999975,3.0,8,512,0
78,78,0.23414349999999962,3.0,8,512,0
79,79,0.23430149999999994,3.0,8,512,0
80,80,0.24500949999999966,3.0,8,512,0
81,81,0.24517849999999974,3.0,8,512,0
82,82,0.2453390999999998,3.0,8,512,0
83,83,0.24549599999999971,3.0,8,512,1
84,84,0.00017319999999987346,3.0,8,512,1
85,85,0.0006889999999999397,3.0,8,512,1
86,86,0.012086199999999714,3.0,8,512,1
87,87,0.023234099999999813,3.0,8,512,1
88,88,0.02341009999999999,8.0,8,512,2
89,89,0.03485829999999979,7.0,8,512,2
90,90,0.035029999999999895,7.0,8,512,2
91,91,0.035187599999999986,6.0,8,512,2
92,92,0.04663430000000002,6.0,8,512,2
93,93,0.04716599999999982,6.0,8,512,2
94,94,0.05869599999999986,6.0,8,512,2
95,95,0.07091730000000007,4.0,8,512,2
96,96,0.07108960000000009,4.0,8,512,2
97,97,0.08289940000000007,4.0,8,512,2
98,98,0.0945617999999997,4.0,8,512,2
99,99,0.09510130000000006,3.0,8,512,2
100,100,0.10704970000000014,3.0,8,512,2
101,101,0.11899159999999975,3.0,8,512,2
102,102,0.11924210000000013,3.0,8,512,2
103,103,0.1306642,3.0,8,512,2
104,104,0.13083869999999997,3.0,8,512,2
105,105,0.13100259999999997,12.0,8,512,3
106,106,0.13124059999999993,12.0,8,512,3
107,107,0.1429345999999998,12.0,8,512,3
108,108,0.1431361,12.0,8,512,3
109,109,0.1433055999999997,12.0,8,512,3
110,110,0.14356560000000007,12.0,8,512,3
111,111,0.14373229999999992,4.0,8,512,4
112,112,0.14389530000000006,3.0,8,512,4
113,113,0.14404079999999997,3.0,8,512,4
114,114,0.14418430000000004,3.0,8,512,4
115,115,0.15513069999999995,3.0,8,512,4
116,116,0.1666357999999999,3.0,8,512,4
117,117,0.16725060000000003,2.0,8,512,4
118,118,0.17858170000000007,2.0,8,512,4
119,119,0.1900157,2.0,8,512,4
120,120,0.19018509999999988,2.0,8,512,4
121,121,0.20127939999999978,2.0,8,512,4
122,122,0.20144720000000005,2.0,8,512,4
123,123,0.2130245999999998,6.0,8,512,5
124,124,0.2136326999999998,6.0,8,512,5
125,125,0.22614939999999972,5.0,8,512,5
126,126,0.23823779999999983,4.0,8,512,5
127,127,0.23840890000000003,4.0,8,512,5
128,128,0.2507030000000001,4.0,8,512,5
129,129,0.25089399999999973,4.0,8,512,5
130,130,0.25114159999999996,4.0,8,512,5
131,131,0.2512989000000001,4.0,8,512,5
132,132,0.2632525000000001,3.0,8,512,6
133,133,0.26342599999999994,3.0,8,512,6
134,134,0.2635856999999997,3.0,8,512,6
135,135,0.2637432999999998,1.0,8,512,6
136,136,0.2762555,1.0,8,512,6
137,137,0.2767914,1.0,8,512,6
138,138,0.2892888,1.0,8,512,6
139,139,0.3017164000000001,1.0,8,512,6
140,140,0.3019811999999997,1.0,8,512,6
141,141,0.3137776999999997,3.0,8,512,7
142,142,0.3139617000000001,2.0,8,512,7
143,143,0.31411659999999975,2.0,8,512,7
144,144,0.3142651999999999,1.0,8,512,7
145,145,0.32635520000000007,1.0,8,512,7
146,146,0.3390268000000001,1.0,8,512,7
147,147,0.3396509999999999,1.0,8,512,7
148,148,0.3519853999999998,1.0,8,512,7
149,149,0.3638018999999999,1.0,8,512,7
150,150,0.3640642999999999,9.0,8,512,8
151,151,0.3759003000000001,8.0,8,512,8
152,152,0.3760650000000001,7.0,8,512,8
153,153,0.3762156000000001,7.0,8,512,8
154,154,0.376363,6.0,8,512,8
155,155,0.3878892999999999,5.0,8,512,8
156,156,0.39966349999999995,5.0,8,512,8
157,157,0.4001959999999998,5.0,8,512,8
158,158,0.4122296999999997,5.0,8,512,8
159,159,0.42414819999999986,5.0,8,512,8
160,160,0.42440469999999975,5.0,8,512,8
161,161,0.43726280000000006,5.0,16,512,0
162,162,0.43744190000000005,3.0,16,512,0
163,163,0.4376042,3.0,16,512,0
164,164,0.4377641999999997,3.0,16,512,0
165,165,0.45107149999999985,3.0,16,512,0
166,166,0.4641107999999998,3.0,16,512,0
167,167,0.4646412999999998,3.0,16,512,0
168,168,0.4777313999999997,3.0,16,512,1
169,169,0.4915441999999999,3.0,16,512,1
170,170,0.4917165999999997,3.0,16,512,1
171,171,0.5049701,3.0,16,512,1
172,172,0.5052298,3.0,16,512,1
173,173,0.5053909000000001,8.0,16,512,2
174,174,0.5055508999999998,7.0,16,512,2
175,175,0.5184965999999998,7.0,16,512,2
176,176,0.5186766,6.0,16,512,2
177,177,0.5188395999999997,6.0,16,512,2
178,178,0.00020299999999995322,6.0,16,512,2
179,179,0.0007684999999999498,6.0,16,512,2
180,180,0.013559599999999783,4.0,16,512,2
181,181,0.026411500000000032,4.0,16,512,2
182,182,0.026591199999999926,4.0,16,512,2
183,183,0.039429099999999995,4.0,16,512,2
184,184,0.039609399999999795,3.0,16,512,2
185,185,0.03976690000000005,3.0,16,512,2
186,186,0.05232990000000015,3.0,16,512,2
187,187,0.052864800000000045,3.0,16,512,2
188,188,0.06522119999999987,3.0,16,512,2
189,189,0.07819330000000013,3.0,16,512,2
190,190,0.07835629999999982,12.0,16,512,3
191,191,0.09203139999999976,12.0,16,512,3
192,192,0.10516999999999976,12.0,16,512,3
193,193,0.10570170000000001,12.0,16,512,3
194,194,0.11979499999999987,12.0,16,512,3
195,195,0.13319769999999975,12.0,16,512,3
196,196,0.1334518,4.0,16,512,4
197,197,0.14645280000000005,3.0,16,512,4
198,198,0.14662949999999997,3.0,16,512,4
199,199,0.1467893,3.0,16,512,4
200,200,0.1470281,3.0,16,512,4
201,201,0.16027289999999983,3.0,16,512,4
202,202,0.16044590000000003,2.0,16,512,4
203,203,0.1606128,2.0,16,512,4
204,204,0.1608537000000001,2.0,16,512,4
205,205,0.16101169999999998,2.0,16,512,4
206,206,0.16116660000000005,2.0,16,512,4
207,207,0.16132210000000002,2.0,16,512,4
208,208,0.16147849999999986,6.0,16,512,5
209,209,0.1759621,6.0,16,512,5
210,210,0.18997090000000005,5.0,16,512,5
211,211,0.19062249999999992,4.0,16,512,5
212,212,0.20405929999999994,4.0,16,512,5
213,213,0.21778049999999993,4.0,16,512,5
214,214,0.2179625999999999,4.0,16,512,5
215,215,0.2308450999999998,4.0,16,512,5
216,216,0.2310156000000001,4.0,16,512,5
217,217,0.24434699999999987,3.0,16,512,6
218,218,0.24496709999999977,3.0,16,512,6
219,219,0.25771469999999974,3.0,16,512,6
220,220,0.27129780000000014,1.0,16,512,6
221,221,0.2715274999999999,1.0,16,512,6
222,222,0.2843130999999999,1.0,16,512,6
223,223,0.28448509999999994,1.0,16,512,6
224,224,0.28474049999999984,1.0,16,512,6
225,225,0.2849013,1.0,16,512,6
226,226,0.2977544000000001,3.0,16,512,7
227,227,0.29791500000000015,2.0,16,512,7
228,228,0.2980630999999998,2.0,16,512,7
229,229,0.2982060999999998,1.0,16,512,7
230,230,0.31105819999999973,1.0,16,512,7
231,231,0.3115907,1.0,16,512,7
232,232,0.3244465999999999,1.0,16,512,7
233,233,0.33884040000000004,1.0,16,512,7
234,234,0.3390879,1.0,16,512,7
235,235,0.3535170000000001,9.0,16,512,8
236,236,0.35369040000000007,8.0,16,512,8
237,237,0.3538389999999998,7.0,16,512,8
238,238,0.3539827999999998,7.0,16,512,8
239,239,0.3691529,6.0,16,512,8
240,240,0.38290219999999975,5.0,16,512,8
241,241,0.3835132999999997,5.0,16,512,8
242,242,0.39718980000000004,5.0,16,512,8
243,243,0.41127009999999986,5.0,16,512,8
244,244,0.41153949999999995,5.0,16,512,8
245,245,0.42566820000000005,5.0,16,512,8
246,246,0.42584449999999974,5.0,16,512,9
247,247,0.4260039999999998,5.0,16,512,9
248,248,0.42616089999999973,5.0,16,512,9
249,249,0.44135139999999984,5.0,16,512,9
250,250,0.45631259999999996,5.0,16,512,9
251,251,0.4568542999999998,6.0,16,512,10
252,252,0.472569,6.0,16,512,10
253,253,0.48579989999999995,6.0,16,512,10
254,254,0.4860411,5.0,16,512,10
255,255,0.4993143,5.0,16,512,10
256,256,0.4994852999999999,5.0,16,512,10
257,257,0.49966029999999995,4.0,16,512,10
258,258,0.49982380000000015,4.0,16,512,10
259,259,0.5133245999999998,4.0,16,512,10
260,260,0.5264337000000001,3.0,16,512,10
261,261,0.5270516000000001,3.0,16,512,10
262,262,0.5413468999999997,3.0,16,512,10
263,263,0.5565764,3.0,16,512,10
264,264,0.5567498999999998,3.0,16,512,10
265,265,0.5717148000000001,3.0,16,512,10
266,266,0.5719750000000001,4.0,16,512,11
267,267,0.5721382999999998,3.0,16,512,11
268,268,0.5722982999999999,3.0,16,512,11
269,269,0.5867882999999998,3.0,16,512,11
270,270,0.5869703999999998,3.0,16,512,11
271,271,0.587132,3.0,16,512,11
272,272,0.6011277000000002,2.0,16,512,11
273,273,0.6018110000000001,2.0,16,512,11
274,274,0.6156527999999999,2.0,16,512,11
275,275,0.6303245,1.0,16,512,11
276,276,0.6305041999999998,1.0,16,512,11
277,277,0.6446736999999998,1.0,16,512,11
278,278,0.6588145000000001,1.0,16,512,11
279,279,0.6593458999999999,1.0,16,512,11
280,280,0.6738225999999998,1.0,16,512,11
281,281,0.6874965,5.0,16,512,12
282,282,0.6877621999999999,5.0,16,512,12
283,283,0.7014502,5.0,16,512,12
284,284,0.7016371000000001,4.0,16,512,12
285,285,0.7018863999999998,4.0,16,512,12
286,286,0.7020504999999999,4.0,16,512,12
287,287,0.7158674,4.0,16,512,12
288,288,0.7161228999999998,4.0,16,512,12
289,289,0.7162850999999999,4.0,16,512,12
290,290,0.7164479999999998,5.0,16,512,13
291,291,0.7166177999999999,5.0,16,512,13
292,292,0.7167821000000001,4.0,16,512,13
293,293,0.7169406,4.0,16,512,13
294,294,0.7303904999999999,4.0,16,512,13
295,295,0.7310320999999997,4.0,16,512,13
296,296,0.7453859999999999,4.0,16,512,13
297,297,0.7597977999999999,3.0,16,512,13
298,298,0.7599762999999999,3.0,16,512,13
299,299,0.7745661999999998,3.0,16,512,13
300,300,0.7747408,3.0,16,512,13
301,301,0.7749871000000002,3.0,16,512,13
302,302,0.7751497,2.0,16,512,13
303,303,0.7904782999999997,2.0,16,512,13
304,304,0.7907495999999998,2.0,16,512,13
305,305,0.7909155000000001,2.0,16,512,13
306,306,0.7910791000000001,2.0,16,512,13
307,307,0.7912398999999999,2.0,16,512,13
308,308,0.791401,7.0,16,512,14
309,309,0.7915673999999999,7.0,16,512,14
310,310,0.8066895000000001,6.0,16,512,14
311,311,0.8072544000000001,6.0,16,512,14
312,312,0.8223821,6.0,16,512,14
313,313,0.8375381999999996,5.0,16,512,14
314,314,0.8377987,5.0,16,512,14
315,315,0.8521730000000001,5.0,16,512,14
316,316,0.8523488000000001,5.0,16,512,14
317,317,0.852516,4.0,16,512,14
318,318,0.8526884000000003,2.0,16,512,14
319,319,0.8670184999999999,2.0,16,512,14
320,320,0.8813853999999997,2.0,16,512,14
321,321,0.8820014999999999,2.0,16,512,14
322,322,0.8966774999999996,1.0,16,512,14
323,323,0.9106530000000004,1.0,16,512,14
324,324,0.9108320999999999,1.0,16,512,14
325,325,0.9247993999999999,1.0,16,512,14
326,326,0.9249800000000001,1.0,16,512,14
327,327,0.9251470999999998,0.0,16,512,14
328,328,0.9253946000000002,5.0,32,512,0
329,329,0.9402544999999995,3.0,32,512,0
330,330,0.9404344999999998,3.0,32,512,0
331,331,0.9406098000000003,3.0,32,512,0
332,332,0.9407766,3.0,32,512,0
333,333,0.9410266000000003,3.0,32,512,0
334,334,0.9411915,3.0,32,512,0
335,335,0.9413553000000001,3.0,32,512,1
336,336,0.9415188000000003,3.0,32,512,1
337,337,0.9567467999999999,3.0,32,512,1
338,338,0.9569255000000001,3.0,32,512,1
339,339,0.9723039999999998,3.0,32,512,1
340,340,0.9729443999999998,8.0,32,512,2
341,341,0.9888372999999997,7.0,32,512,2
342,342,1.0056125000000002,7.0,32,512,2
343,343,1.0057931999999998,6.0,32,512,2
344,344,1.0210031000000002,6.0,32,512,2
345,345,1.0212644000000002,6.0,32,512,2
346,346,1.0214323000000003,6.0,32,512,2
347,347,1.0216198999999997,4.0,32,512,2
348,348,1.0371409000000003,4.0,32,512,2
349,349,1.0374107999999995,4.0,32,512,2
350,350,1.0376694,4.0,32,512,2
351,351,1.0378380000000003,3.0,32,512,2
352,352,1.0380058,3.0,32,512,2
353,353,1.0381695,3.0,32,512,2
354,354,1.0384195000000003,3.0,32,512,2
355,355,1.038592,3.0,32,512,2
356,356,1.054783,3.0,32,512,2
357,357,1.0549605999999998,12.0,32,512,3
358,358,1.0551197999999995,12.0,32,512,3
359,359,1.0553510000000004,12.0,32,512,3
360,360,0.00018139999999977618,12.0,32,512,3
361,361,0.0007128999999999053,12.0,32,512,3
362,362,0.015637800000000368,12.0,32,512,3
363,363,0.02992650000000019,4.0,32,512,4
364,364,0.03010040000000025,3.0,32,512,4
365,365,0.044988599999999934,3.0,32,512,4
366,366,0.04515799999999981,3.0,32,512,4
367,367,0.04532530000000001,3.0,32,512,4
368,368,0.060258000000000145,3.0,32,512,4
369,369,0.06075410000000048,2.0,32,512,4
370,370,0.0751236000000004,2.0,32,512,4
371,371,0.09297630000000012,2.0,32,512,4
372,372,0.09313830000000056,2.0,32,512,4
373,373,0.10890209999999989,2.0,32,512,4
374,374,0.1249191999999999,2.0,32,512,4
375,375,0.12548190000000048,6.0,32,512,5
376,376,0.1422560000000006,6.0,32,512,5
377,377,0.1595998000000005,5.0,32,512,5
378,378,0.1598475000000006,4.0,32,512,5
379,379,0.17624680000000037,4.0,32,512,5
380,380,0.1764380000000001,4.0,32,512,5
381,381,0.17659780000000058,4.0,32,512,5
382,382,0.1768390000000002,4.0,32,512,5
383,383,0.19235999999999986,4.0,32,512,5
384,384,0.19253799999999988,3.0,32,512,6
385,385,0.19270090000000017,3.0,32,512,6
386,386,0.1929489000000002,3.0,32,512,6
387,387,0.19311150000000055,1.0,32,512,6
388,388,0.1932727999999999,1.0,32,512,6
389,389,0.19344050000000035,1.0,32,512,6
390,390,0.19360200000000027,1.0,32,512,6
391,391,0.20936420000000044,1.0,32,512,6
392,392,0.2251044000000002,1.0,32,512,6
393,393,0.22575959999999995,3.0,32,512,7
394,394,0.2410823999999998,2.0,32,512,7
395,395,0.25660220000000056,2.0,32,512,7
396,396,0.25677410000000034,1.0,32,512,7
397,397,0.27213520000000013,1.0,32,512,7
398,398,0.27231640000000024,1.0,32,512,7
399,399,0.2883294000000003,1.0,32,512,7
400,400,0.28894330000000057,1.0,32,512,7
401,401,0.3052351,1.0,32,512,7
402,402,0.32135990000000003,9.0,32,512,8
403,403,0.3215433000000001,8.0,32,512,8
404,404,0.3379240000000001,7.0,32,512,8
405,405,0.33816999999999986,7.0,32,512,8
406,406,0.3384904000000004,6.0,32,512,8
407,407,0.3386377999999999,5.0,32,512,8
408,408,0.36345079999999985,5.0,32,512,8
409,409,0.3636279,5.0,32,512,8
410,410,0.36377850000000045,5.0,32,512,8
411,411,0.3639247000000001,5.0,32,512,8
412,412,0.3801073000000006,5.0,32,512,8
413,413,0.3807128000000004,5.0,32,512,9
414,414,0.3965274000000001,5.0,32,512,9
415,415,0.41243030000000047,5.0,32,512,9
416,416,0.4126846999999998,5.0,32,512,9
417,417,0.4284543000000003,5.0,32,512,9
418,418,0.4286287,6.0,32,512,10
419,419,0.42879110000000065,6.0,32,512,10
420,420,0.42895269999999996,6.0,32,512,10
421,421,0.4446102999999999,5.0,32,512,10
422,422,0.46016290000000026,5.0,32,512,10
423,423,0.4608100000000004,5.0,32,512,10
424,424,0.4763691000000003,4.0,32,512,10
425,425,0.4922347,4.0,32,512,10
426,426,0.49250150000000037,4.0,32,512,10
427,427,0.5087766,3.0,32,512,10
428,428,0.5089528000000003,3.0,32,512,10
429,429,0.5091174,3.0,32,512,10
430,430,0.5092845000000006,3.0,32,512,10
431,431,0.5259790000000004,3.0,32,512,10
432,432,0.5424568000000001,3.0,32,512,10
433,433,0.5429563000000002,4.0,32,512,11
434,434,0.5604372,3.0,32,512,11
435,435,0.5804078000000006,3.0,32,512,11
436,436,0.5806783000000006,3.0,32,512,11
437,437,0.5969267,3.0,32,512,11
438,438,0.5970979000000005,3.0,32,512,11
439,439,0.5972470000000003,2.0,32,512,11
440,440,0.5975726000000003,2.0,32,512,11
441,441,0.6136648000000005,2.0,32,512,11
442,442,0.6295389,1.0,32,512,11
443,443,0.6300336,1.0,32,512,11
444,444,0.6456072000000006,1.0,32,512,11
445,445,0.6614987000000001,1.0,32,512,11
446,446,0.6616738,1.0,32,512,11
447,447,0.6771219000000004,1.0,32,512,11
448,448,0.6773899000000005,5.0,32,512,12
449,449,0.6775542000000003,5.0,32,512,12
450,450,0.6777123000000005,5.0,32,512,12
451,451,0.6933467000000002,4.0,32,512,12
452,452,0.6935199000000001,4.0,32,512,12
453,453,0.6936803000000005,4.0,32,512,12
454,454,0.7106022000000003,4.0,32,512,12
455,455,0.7111198999999999,4.0,32,512,12
456,456,0.7279439000000005,4.0,32,512,12
457,457,0.7451720000000002,5.0,32,512,13
458,458,0.7453547,5.0,32,512,13
459,459,0.7619006000000006,4.0,32,512,13
460,460,0.7794717000000002,4.0,32,512,13
461,461,0.7800023000000005,4.0,32,512,13
462,462,0.7968660999999999,4.0,32,512,13
463,463,0.8138465000000004,4.0,32,512,13
464,464,0.8141090000000002,3.0,32,512,13
465,465,0.8306716999999999,3.0,32,512,13
466,466,0.8308505000000004,3.0,32,512,13
467,467,0.8311017000000005,3.0,32,512,13
468,468,0.8312651999999998,3.0,32,512,13
469,469,0.8476131000000002,2.0,32,512,13
470,470,0.8478757000000003,2.0,32,512,13
471,471,0.8480389000000006,2.0,32,512,13
472,472,0.8482009000000001,2.0,32,512,13
473,473,0.8483725,2.0,32,512,13
474,474,0.8485355000000006,2.0,32,512,13
475,475,0.8486946,7.0,32,512,14
476,476,0.8650413000000006,7.0,32,512,14
477,477,0.8656699000000003,6.0,32,512,14
478,478,0.8819989000000001,6.0,32,512,14
479,479,0.8985029999999998,6.0,32,512,14
480,480,0.8986779,5.0,32,512,14
481,481,0.9150858,5.0,32,512,14
482,482,0.9152615000000006,5.0,32,512,14
483,483,0.9155528999999998,5.0,32,512,14
484,484,0.9157077000000005,4.0,32,512,14
485,485,0.9354062000000001,2.0,32,512,14
486,486,0.9356666000000002,2.0,32,512,14
487,487,0.9358295000000005,2.0,32,512,14
488,488,0.9359925000000002,2.0,32,512,14
489,489,0.9361544000000004,1.0,32,512,14
490,490,0.9363201000000005,1.0,32,512,14
491,491,0.9364777000000002,1.0,32,512,14
492,492,0.9540389000000005,1.0,32,512,14
493,493,0.9545921000000002,1.0,32,512,14
494,494,0.9718201000000004,0.0,32,512,14
495,495,0.9895214000000001,5.0,64,512,0
496,496,0.9897831000000004,3.0,64,512,0
497,497,1.0073477999999998,3.0,64,512,0
498,498,1.0075272000000002,3.0,64,512,0
499,499,1.0076939999999999,3.0,64,512,0
500,500,1.0078586999999999,3.0,64,512,0
501,501,1.0252121,3.0,64,512,0
502,502,1.0425706000000003,3.0,64,512,1
503,503,1.0431971000000004,3.0,64,512,1
504,504,1.0600379000000002,3.0,64,512,1
505,505,1.0767112,3.0,64,512,1
506,506,1.0768880000000003,3.0,64,512,1
507,507,1.0935724000000002,8.0,64,512,2
508,508,1.0937470000000005,7.0,64,512,2
509,509,1.0939103000000001,7.0,64,512,2
510,510,1.0941591000000006,6.0,64,512,2
511,511,1.1105239999999998,6.0,64,512,2
512,512,1.1106992,6.0,64,512,2
513,513,1.1108657000000006,6.0,64,512,2
514,514,1.1110277000000002,4.0,64,512,2
515,515,1.1112738000000002,4.0,64,512,2
516,516,1.1114498,4.0,64,512,2
517,517,1.1116142,4.0,64,512,2
518,518,1.1117784999999998,3.0,64,512,2
519,519,1.1290753000000002,3.0,64,512,2
520,520,1.1292488,3.0,64,512,2
521,521,1.1471875000000002,3.0,64,512,2
522,522,1.1478296000000006,3.0,64,512,2
523,523,1.1655879000000002,3.0,64,512,2
524,524,1.1832618000000004,12.0,64,512,3
525,525,1.1834652000000006,12.0,64,512,3
526,526,1.2012037000000007,12.0,64,512,3
527,527,1.2015175000000005,12.0,64,512,3
528,528,1.2016793000000003,12.0,64,512,3
529,529,1.2018329000000003,12.0,64,512,3
530,530,1.2196142000000005,4.0,64,512,4
531,531,1.2198835,3.0,64,512,4
532,532,1.2201329000000003,3.0,64,512,4
533,533,1.2203124,3.0,64,512,4
534,534,1.2205157,3.0,64,512,4
535,535,1.2206720999999998,3.0,64,512,4
536,536,1.2209054000000004,2.0,64,512,4
537,537,1.2210567,2.0,64,512,4
538,538,1.2383544999999998,2.0,64,512,4
539,539,1.238537,2.0,64,512,4
540,540,1.2387084000000002,2.0,64,512,4
541,541,1.2389578000000006,2.0,64,512,4
542,542,0.00017770000000005837,6.0,64,512,5
543,543,0.000692299999999868,6.0,64,512,5
544,544,0.018046000000000006,5.0,64,512,5
545,545,0.03491700000000009,4.0,64,512,5
546,546,0.03510230000000014,4.0,64,512,5
547,547,0.0516861000000004,4.0,64,512,5
548,548,0.05185960000000023,4.0,64,512,5
549,549,0.05201610000000034,4.0,64,512,5
550,550,0.06929229999999986,4.0,64,512,5
551,551,0.06982490000000041,3.0,64,512,6
552,552,0.08780490000000007,3.0,64,512,6
553,553,0.10660049999999988,3.0,64,512,6
554,554,0.10689879999999974,1.0,64,512,6
555,555,0.1257463999999997,1.0,64,512,6
556,556,0.14440969999999975,1.0,64,512,6
557,557,0.1449764,1.0,64,512,6
558,558,0.1635989000000002,1.0,64,512,6
559,559,0.18176419999999993,1.0,64,512,6
560,560,0.18201860000000014,3.0,64,512,7
561,561,0.1999424000000003,2.0,64,512,7
562,562,0.20011560000000017,2.0,64,512,7
563,563,0.20027430000000024,1.0,64,512,7
564,564,0.2005144999999997,1.0,64,512,7
565,565,0.21797090000000008,1.0,64,512,7
566,566,0.21813060000000029,1.0,64,512,7
567,567,0.2182776000000004,1.0,64,512,7
568,568,0.21850039999999993,1.0,64,512,7
569,569,0.2186444999999999,9.0,64,512,8
570,570,0.21879259999999956,8.0,64,512,8
571,571,0.21893510000000038,7.0,64,512,8
572,572,0.21907669999999957,7.0,64,512,8
573,573,0.2362352000000003,6.0,64,512,8
574,574,0.2535400000000001,5.0,64,512,8
575,575,0.25418050000000036,5.0,64,512,8
576,576,0.27173040000000004,5.0,64,512,8
577,577,0.2892619999999999,5.0,64,512,8
578,578,0.2894351000000004,5.0,64,512,8
579,579,0.3080835000000004,5.0,64,512,8
580,580,0.3082516000000002,5.0,64,512,9
581,581,0.32815439999999985,5.0,64,512,9
582,582,0.3288038999999996,5.0,64,512,9
583,583,0.3478735999999998,5.0,64,512,9
584,584,0.3665104000000001,5.0,64,512,9
585,585,0.36668089999999953,6.0,64,512,10
586,586,0.3852966000000002,6.0,64,512,10
587,587,0.3854721000000003,6.0,64,512,10
588,588,0.3857233999999998,5.0,64,512,10
589,589,0.38588350000000027,5.0,64,512,10
590,590,0.40427190000000035,5.0,64,512,10
591,591,0.4044441000000001,4.0,64,512,10
592,592,0.4046057000000003,4.0,64,512,10
593,593,0.40477589999999974,4.0,64,512,10
594,594,0.42305159999999997,3.0,64,512,10
595,595,0.4235854999999997,3.0,64,512,10
596,596,0.4416643999999996,3.0,64,512,10
597,597,0.45962570000000014,3.0,64,512,10
598,598,0.4598911000000001,3.0,64,512,10
599,599,0.4776600000000002,3.0,64,512,10
600,600,0.47784599999999955,4.0,64,512,11
601,601,0.4780078000000003,3.0,64,512,11
602,602,0.4781671000000003,3.0,64,512,11
603,603,0.49586039999999976,3.0,64,512,11
604,604,0.5138278999999999,3.0,64,512,11
605,605,0.5144368999999998,3.0,64,512,11
606,606,0.5349981000000001,2.0,64,512,11
607,607,0.5534619000000003,2.0,64,512,11
608,608,0.5537498999999997,2.0,64,512,11
609,609,0.5727821000000004,1.0,64,512,11
610,610,0.5729585000000004,1.0,64,512,11
611,611,0.5731207999999999,1.0,64,512,11
612,612,0.5732806000000004,1.0,64,512,11
613,613,0.5925073000000003,1.0,64,512,11
614,614,0.6112782000000001,1.0,64,512,11
615,615,0.6118341999999997,5.0,64,512,12
616,616,0.6306941000000004,5.0,64,512,12
617,617,0.6489589999999996,5.0,64,512,12
618,618,0.6492177000000003,4.0,64,512,12
619,619,0.6674990999999997,4.0,64,512,12
620,620,0.6676728000000001,4.0,64,512,12
621,621,0.6678419,4.0,64,512,12
622,622,0.6680051999999996,4.0,64,512,12
623,623,0.6862176,4.0,64,512,12
624,624,0.7048097000000002,5.0,64,512,13
625,625,0.7053466999999998,5.0,64,512,13
626,626,0.7241841999999998,4.0,64,512,13
627,627,0.7434579000000001,4.0,64,512,13
628,628,0.7436353000000002,4.0,64,512,13
629,629,0.7637662000000001,4.0,64,512,13
630,630,0.7640292999999998,4.0,64,512,13
631,631,0.7641951000000002,3.0,64,512,13
632,632,0.7643563999999996,3.0,64,512,13
633,633,0.7839207999999998,3.0,64,512,13
634,634,0.7840974999999997,3.0,64,512,13
635,635,0.7842598000000001,3.0,64,512,13
636,636,0.8081718999999996,2.0,64,512,13
637,637,0.8087494,2.0,64,512,13
638,638,0.8279923,2.0,64,512,13
639,639,0.8469397000000001,2.0,64,512,13
640,640,0.8471152000000002,2.0,64,512,13
641,641,0.8653572,2.0,64,512,13
642,642,0.8837980999999999,7.0,64,512,14
643,643,0.8843357000000003,7.0,64,512,14
644,644,0.9027180999999995,6.0,64,512,14
645,645,0.9212423000000003,6.0,64,512,14
646,646,0.9214979999999997,6.0,64,512,14
647,647,0.9406637,5.0,64,512,14
648,648,0.9408544000000001,5.0,64,512,14
649,649,0.9411009000000004,5.0,64,512,14
650,650,0.9412627999999996,5.0,64,512,14
651,651,0.9606918999999996,4.0,64,512,14
652,652,0.9610702,2.0,64,512,14
653,653,0.9612480999999997,2.0,64,512,14
654,654,0.9614216999999998,2.0,64,512,14
655,655,0.9615919000000002,2.0,64,512,14
656,656,0.9617623000000002,1.0,64,512,14
657,657,0.9619112000000003,1.0,64,512,14
658,658,0.9815044999999998,1.0,64,512,14
659,659,0.982227,1.0,64,512,14
660,660,1.0013606,1.0,64,512,14
661,661,1.0210292,0.0,64,512,14
662,662,1.0212085999999996,5.0,128,512,0
663,663,1.0408464000000004,3.0,128,512,0
664,664,1.0410314999999999,3.0,128,512,0
665,665,1.0412730000000003,3.0,128,512,0
666,666,1.0414285000000003,3.0,128,512,0
667,667,1.0603287999999997,3.0,128,512,0
668,668,1.0605877999999995,3.0,128,512,0
669,669,1.0607575000000002,3.0,128,512,1
670,670,1.0609226999999999,3.0,128,512,1
671,671,1.061083,3.0,128,512,1
672,672,1.0612462999999996,3.0,128,512,1
673,673,1.0614027000000004,3.0,128,512,1
674,674,1.0808621,8.0,128,512,2
675,675,1.0813997999999998,7.0,128,512,2
676,676,1.1008278000000002,7.0,128,512,2
677,677,1.1220495000000001,6.0,128,512,2
678,678,1.1223083000000003,6.0,128,512,2
679,679,1.1410714999999998,6.0,128,512,2
680,680,1.1412464,6.0,128,512,2
681,681,1.1414115999999996,4.0,128,512,2
682,682,1.1415743000000003,4.0,128,512,2
683,683,1.1614417999999995,4.0,128,512,2
684,684,1.1815410000000002,4.0,128,512,2
685,685,1.1821707000000004,3.0,128,512,2
686,686,1.2021872,3.0,128,512,2
687,687,1.2226691,3.0,128,512,2
688,688,1.2228526999999998,3.0,128,512,2
689,689,1.2424789,3.0,128,512,2
690,690,1.2426620000000002,3.0,128,512,2
691,691,1.2428429000000003,12.0,128,512,3
692,692,1.2430928000000003,12.0,128,512,3
693,693,1.2629883,12.0,128,512,3
694,694,1.2631819000000002,12.0,128,512,3
695,695,1.2633590999999997,12.0,128,512,3
696,696,1.2635334,12.0,128,512,3
697,697,1.2637900000000002,4.0,128,512,4
698,698,1.2639440999999998,3.0,128,512,4
699,699,1.2640941000000003,3.0,128,512,4
700,700,1.2642448000000002,3.0,128,512,4
701,701,1.2832799000000001,3.0,128,512,4
702,702,1.2834557000000002,3.0,128,512,4
703,703,1.3030344999999999,2.0,128,512,4
704,704,1.3036138,2.0,128,512,4
705,705,1.3224650999999996,2.0,128,512,4
706,706,1.3416217999999995,2.0,128,512,4
707,707,1.3418112999999998,2.0,128,512,4
708,708,1.3613391999999997,2.0,128,512,4
709,709,1.3616045999999997,6.0,128,512,5
710,710,1.3617857999999998,6.0,128,512,5
711,711,1.3619522000000002,5.0,128,512,5
712,712,1.3821611000000003,4.0,128,512,5
713,713,1.3824265999999996,4.0,128,512,5
714,714,1.3826757,4.0,128,512,5
715,715,1.3828494999999998,4.0,128,512,5
716,716,1.3830153000000003,4.0,128,512,5
717,717,1.3831771000000002,4.0,128,512,5
718,718,1.383426,3.0,128,512,6
719,719,1.3835895000000002,3.0,128,512,6
720,720,1.4038690000000003,3.0,128,512,6
721,721,1.4040502000000004,1.0,128,512,6
722,722,1.4042133999999997,1.0,128,512,6
723,723,1.4044466,1.0,128,512,6
724,724,0.00020960000000069812,1.0,128,512,6
725,725,0.0007236999999999938,1.0,128,512,6
726,726,0.020693800000000095,1.0,128,512,6
727,727,0.04126730000000034,3.0,128,512,7
728,728,0.041443600000000025,2.0,128,512,7
729,729,0.06147150000000057,2.0,128,512,7
730,730,0.0616494000000003,1.0,128,512,7
731,731,0.06180840000000032,1.0,128,512,7
732,732,0.08163420000000077,1.0,128,512,7
733,733,0.08218250000000005,1.0,128,512,7
734,734,0.1018712000000006,1.0,128,512,7
735,735,0.1208532,1.0,128,512,7
736,736,0.12102270000000015,9.0,128,512,8
737,737,0.1407709000000006,8.0,128,512,8
738,738,0.1606892000000002,7.0,128,512,8
739,739,0.16121570000000052,7.0,128,512,8
740,740,0.18221750000000014,6.0,128,512,8
741,741,0.20295670000000055,5.0,128,512,8
742,742,0.20322250000000075,5.0,128,512,8
743,743,0.22357090000000035,5.0,128,512,8
744,744,0.22374120000000008,5.0,128,512,8
745,745,0.22390070000000062,5.0,128,512,8
746,746,0.2241434,5.0,128,512,8
747,747,0.24462660000000014,5.0,128,512,9
748,748,0.24480270000000015,5.0,128,512,9
749,749,0.24496350000000078,5.0,128,512,9
750,750,0.2452071,5.0,128,512,9
751,751,0.24536639999999998,5.0,128,512,9
752,752,0.24552210000000052,6.0,128,512,10
753,753,0.24568810000000063,6.0,128,512,10
754,754,0.2458431000000001,6.0,128,512,10
755,755,0.26673490000000033,5.0,128,512,10
756,756,0.2869722000000001,5.0,128,512,10
757,757,0.28759580000000007,5.0,128,512,10
758,758,0.3078983000000006,4.0,128,512,10
759,759,0.3282151000000004,4.0,128,512,10
760,760,0.3283871000000005,4.0,128,512,10
761,761,0.3479561000000002,3.0,128,512,10
762,762,0.3481242,3.0,128,512,10
763,763,0.36827330000000025,3.0,128,512,10
764,764,0.3688942000000006,3.0,128,512,10
765,765,0.3885550000000002,3.0,128,512,10
766,766,0.40923840000000045,3.0,128,512,10
767,767,0.4094068000000002,4.0,128,512,11
768,768,0.4305892,3.0,128,512,11
769,769,0.4307654000000003,3.0,128,512,11
770,770,0.43100890000000014,3.0,128,512,11
771,771,0.43116610000000044,3.0,128,512,11
772,772,0.45238259999999997,3.0,128,512,11
773,773,0.45254880000000064,2.0,128,512,11
774,774,0.4527102000000003,2.0,128,512,11
775,775,0.4528542,2.0,128,512,11
776,776,0.4736507000000003,1.0,128,512,11
777,777,0.4741913000000002,1.0,128,512,11
778,778,0.49572590000000005,1.0,128,512,11
779,779,0.5163302000000005,1.0,128,512,11
780,780,0.5166071000000008,1.0,128,512,11
781,781,0.5371739,1.0,128,512,11
782,782,0.5373468000000008,5.0,128,512,12
783,783,0.5375073000000006,5.0,128,512,12
784,784,0.5376723000000005,5.0,128,512,12
785,785,0.5580605000000007,4.0,128,512,12
786,786,0.5787443000000003,4.0,128,512,12
787,787,0.5793531000000005,4.0,128,512,12
788,788,0.6002777000000004,4.0,128,512,12
789,789,0.6213788000000005,4.0,128,512,12
790,790,0.6216469,4.0,128,512,12
791,791,0.6431050000000003,5.0,128,512,13
792,792,0.6432856000000005,5.0,128,512,13
793,793,0.6434472000000007,4.0,128,512,13
794,794,0.6436136000000001,4.0,128,512,13
795,795,0.6648681000000005,4.0,128,512,13
796,796,0.6876612,4.0,128,512,13
797,797,0.6881884000000005,4.0,128,512,13
798,798,0.7088613000000006,3.0,128,512,13
799,799,0.7294090000000004,3.0,128,512,13
800,800,0.7296698000000008,3.0,128,512,13
801,801,0.7501269000000006,3.0,128,512,13
802,802,0.7503013000000003,3.0,128,512,13
803,803,0.7504661000000006,2.0,128,512,13
804,804,0.7506336000000005,2.0,128,512,13
805,805,0.7710177000000007,2.0,128,512,13
806,806,0.7916733000000002,2.0,128,512,13
807,807,0.7921961,2.0,128,512,13
808,808,0.8133804000000007,2.0,128,512,13
809,809,0.8351110000000004,7.0,128,512,14
810,810,0.8352882000000008,7.0,128,512,14
811,811,0.8568695000000002,6.0,128,512,14
812,812,0.8571562000000004,6.0,128,512,14
813,813,0.8573285000000004,6.0,128,512,14
814,814,0.8574992000000004,5.0,128,512,14
815,815,0.8789799,5.0,128,512,14
816,816,0.8791601,5.0,128,512,14
817,817,0.8793181000000008,5.0,128,512,14
818,818,0.9007957000000006,4.0,128,512,14
819,819,0.9013526000000001,2.0,128,512,14
820,820,0.9225726000000005,2.0,128,512,14
821,821,0.9438516000000003,2.0,128,512,14
822,822,0.9440297000000006,2.0,128,512,14
823,823,0.9644879,1.0,128,512,14
824,824,0.9855845000000008,1.0,128,512,14
825,825,0.9861251000000006,1.0,128,512,14
826,826,1.0072425000000003,1.0,128,512,14
827,827,1.0286060000000008,1.0,128,512,14
828,828,1.0288695000000008,0.0,128,512,14
829,829,1.0507183000000007,5.0,256,512,0
830,830,1.0509038000000004,3.0,256,512,0
831,831,1.0511348000000007,3.0,256,512,0
832,832,1.0512851000000003,3.0,256,512,0
833,833,1.073447700000001,3.0,256,512,0
834,834,1.0737153,3.0,256,512,0
835,835,1.0738817000000012,3.0,256,512,0
836,836,1.0740449000000005,3.0,256,512,1
837,837,1.0742075,3.0,256,512,1
838,838,1.074368100000001,3.0,256,512,1
839,839,1.0745301000000005,3.0,256,512,1
840,840,1.097517100000001,3.0,256,512,1
841,841,1.0981520000000007,8.0,256,512,2
842,842,1.1199794,7.0,256,512,2
843,843,1.1411721000000004,7.0,256,512,2
844,844,1.1413495999999999,6.0,256,512,2
845,845,1.1622871999999997,6.0,256,512,2
846,846,1.1624619999999997,6.0,256,512,2
847,847,1.1628299999999996,6.0,256,512,2
848,848,1.1630135,4.0,256,512,2
849,849,1.1839092999999998,4.0,256,512,2
850,850,1.184170400000001,4.0,256,512,2
851,851,1.1843295000000005,4.0,256,512,2
852,852,1.1844821000000003,3.0,256,512,2
853,853,1.1846434000000006,3.0,256,512,2
854,854,1.184795300000001,3.0,256,512,2
855,855,1.184943500000001,3.0,256,512,2
856,856,1.2056174000000013,3.0,256,512,2
857,857,1.2061563,3.0,256,512,2
858,858,1.226783600000001,12.0,256,512,3
859,859,1.2483991000000003,12.0,256,512,3
860,860,1.2487573000000012,12.0,256,512,3
861,861,1.2706296000000012,12.0,256,512,3
862,862,1.2708177999999997,12.0,256,512,3
863,863,1.2709846000000002,12.0,256,512,3
864,864,1.2711439999999996,4.0,256,512,4
865,865,1.292788100000001,3.0,256,512,4
866,866,1.3152562000000003,3.0,256,512,4
867,867,1.3159194000000003,3.0,256,512,4
868,868,1.33906,3.0,256,512,4
869,869,1.3618752,3.0,256,512,4
870,870,1.3620438999999998,2.0,256,512,4
871,871,1.3837444000000012,2.0,256,512,4
872,872,1.383939100000001,2.0,256,512,4
873,873,1.3841159000000012,2.0,256,512,4
874,874,1.384381600000001,2.0,256,512,4
875,875,1.4050975,2.0,256,512,4
876,876,1.4052765000000011,6.0,256,512,5
877,877,1.4054423000000007,6.0,256,512,5
878,878,1.4056815,5.0,256,512,5
879,879,1.4059407000000004,4.0,256,512,5
880,880,1.406095500000001,4.0,256,512,5
881,881,1.4062461000000006,4.0,256,512,5
882,882,1.4063966000000008,4.0,256,512,5
883,883,1.4273933999999997,4.0,256,512,5
884,884,1.427604200000001,4.0,256,512,5
885,885,1.4485019000000001,3.0,256,512,6
886,886,1.4491994000000012,3.0,256,512,6
887,887,1.4711394000000002,3.0,256,512,6
888,888,1.493791400000001,1.0,256,512,6
889,889,1.4939801,1.0,256,512,6
890,890,1.5169949000000003,1.0,256,512,6
891,891,1.5172948000000002,1.0,256,512,6
892,892,1.5174625000000006,1.0,256,512,6
893,893,1.517622300000001,1.0,256,512,6
894,894,1.5397663999999995,3.0,256,512,7
895,895,1.5400276000000002,2.0,256,512,7
896,896,1.5402766000000003,2.0,256,512,7
897,897,1.5404437000000009,1.0,256,512,7
898,898,1.5406221000000002,1.0,256,512,7
899,899,1.5407852000000002,1.0,256,512,7
900,900,1.5410406000000005,1.0,256,512,7
901,901,1.5412023999999995,1.0,256,512,7
902,902,1.5641806000000003,1.0,256,512,7
903,903,1.5643650999999998,9.0,256,512,8
904,904,1.5645328999999997,8.0,256,512,8
905,905,1.5647859999999998,7.0,256,512,8
906,906,0.0002067000000014474,7.0,256,512,8
907,907,0.0007326000000009714,6.0,256,512,8
908,908,0.02364540000000126,5.0,256,512,8
909,909,0.04597590000000018,5.0,256,512,8
910,910,0.0461545000000001,5.0,256,512,8
911,911,0.06839440000000074,5.0,256,512,8
912,912,0.06856430000000024,5.0,256,512,8
913,913,0.06871760000000116,5.0,256,512,8
914,914,0.09118220000000044,5.0,256,512,9
915,915,0.09187870000000053,5.0,256,512,9
916,916,0.115309400000001,5.0,256,512,9
917,917,0.13821990000000106,5.0,256,512,9
918,918,0.13839890000000032,5.0,256,512,9
919,919,0.16140760000000043,6.0,256,512,10
920,920,0.18434170000000094,6.0,256,512,10
921,921,0.1848422000000003,6.0,256,512,10
922,922,0.2076014000000015,5.0,256,512,10
923,923,0.23036360000000045,5.0,256,512,10
924,924,0.23060280000000155,5.0,256,512,10
925,925,0.25220710000000146,4.0,256,512,10
926,926,0.25237219999999994,4.0,256,512,10
927,927,0.25252050000000104,4.0,256,512,10
928,928,0.25274650000000065,3.0,256,512,10
929,929,0.2742906000000005,3.0,256,512,10
930,930,0.27446280000000023,3.0,256,512,10
931,931,0.27462240000000016,3.0,256,512,10
932,932,0.2748620000000006,3.0,256,512,10
933,933,0.27502980000000044,3.0,256,512,10
934,934,0.27518810000000116,4.0,256,512,11
935,935,0.27534090000000155,3.0,256,512,11
936,936,0.27549570000000045,3.0,256,512,11
937,937,0.2974003000000014,3.0,256,512,11
938,938,0.3203022999999998,3.0,256,512,11
939,939,0.32094170000000055,3.0,256,512,11
940,940,0.34359170000000105,2.0,256,512,11
941,941,0.3675328000000011,2.0,256,512,11
942,942,0.3677052000000014,2.0,256,512,11
943,943,0.3907449000000014,1.0,256,512,11
944,944,0.3909161000000001,1.0,256,512,11
945,945,0.4138186000000008,1.0,256,512,11
946,946,0.4144526000000006,1.0,256,512,11
947,947,0.4366690000000002,1.0,256,512,11
948,948,0.4586050000000004,1.0,256,512,11
949,949,0.4587751999999998,5.0,256,512,12
950,950,0.48059770000000057,5.0,256,512,12
951,951,0.48077020000000026,5.0,256,512,12
952,952,0.48102080000000136,4.0,256,512,12
953,953,0.4811809,4.0,256,512,12
954,954,0.5037289999999999,4.0,256,512,12
955,955,0.5039206000000007,4.0,256,512,12
956,956,0.5041346999999998,4.0,256,512,12
957,957,0.5042832000000015,4.0,256,512,12
958,958,0.5272774000000009,5.0,256,512,13
959,959,0.5278357000000007,5.0,256,512,13
960,960,0.5511210000000002,4.0,256,512,13
961,961,0.5754821000000003,4.0,256,512,13
962,962,0.5757364000000003,4.0,256,512,13
963,963,0.5992947000000015,4.0,256,512,13
964,964,0.5994704000000013,4.0,256,512,13
965,965,0.5996310999999999,3.0,256,512,13
966,966,0.5997913000000015,3.0,256,512,13
967,967,0.6264009000000001,3.0,256,512,13
968,968,0.6487009000000015,3.0,256,512,13
969,969,0.6493293000000016,3.0,256,512,13
970,970,0.6720520000000008,2.0,256,512,13
971,971,0.6944879000000004,2.0,256,512,13
972,972,0.6947406000000012,2.0,256,512,13
973,973,0.7172762000000006,2.0,256,512,13
974,974,0.7174524000000009,2.0,256,512,13
975,975,0.7176125000000013,2.0,256,512,13
976,976,0.7177731000000005,7.0,256,512,14
977,977,0.7408573,7.0,256,512,14
978,978,0.7646694000000007,6.0,256,512,14
979,979,0.7652440000000009,6.0,256,512,14
980,980,0.7891355999999998,6.0,256,512,14
981,981,0.8131544000000002,5.0,256,512,14
982,982,0.8134184000000015,5.0,256,512,14
983,983,0.8362706000000006,5.0,256,512,14
984,984,0.8364469000000003,5.0,256,512,14
985,985,0.8366100000000003,4.0,256,512,14
986,986,0.8367709000000012,2.0,256,512,14
987,987,0.8597426000000006,2.0,256,512,14
988,988,0.8831025000000015,2.0,256,512,14
989,989,0.8836383000000012,2.0,256,512,14
990,990,0.9062447000000002,1.0,256,512,14
991,991,0.9292949000000004,1.0,256,512,14
992,992,0.9294679000000006,1.0,256,512,14
993,993,0.9527905000000008,1.0,256,512,14
994,994,0.9530642,1.0,256,512,14
995,995,0.9532284000000004,0.0,256,512,14
